<?xml version="1.0" encoding="UTF-8"?>

<!-- 
 * datasource.xml
 *
 * Copyright (C) 2019 Universidad de Sevilla
 * 
 * The use of this project is hereby constrained to the conditions of the 
 * TDG Licence, a copy of which you may download from 
 * http://www.tdg-seville.info/License.html
 -->

<beans xmlns="http://www.springframework.org/schema/beans"
	xmlns:xsi="http://www.w3.org/2001/XMLSchema-instance"	
	xmlns:tx="http://www.springframework.org/schema/tx"
	xsi:schemaLocation="
		http://www.springframework.org/schema/beans http://www.springframework.org/schema/beans/spring-beans-4.0.xsd
	    http://www.springframework.org/schema/tx http://www.springframework.org/schema/tx/spring-tx-4.0.xsd
	">

	<import resource="config/data.xml" />

	<tx:annotation-driven transaction-manager="transactionManager" proxy-target-class="true" mode="proxy" />
	
	<bean id="persistenceProvider" class="org.hibernate.jpa.HibernatePersistenceProvider" />	

	<bean id="entityManagerFactory" class="org.springframework.orm.jpa.LocalContainerEntityManagerFactoryBean">
		<property name="persistenceProvider" ref="persistenceProvider" />
		<property name="jpaVendorAdapter" ref="jpaVendorAdapter" />
		<property name="dataSource" ref="dataSource" />
		<property name="persistenceUnitName" ref="persistenceUnit" />
		<property name="jpaProperties" ref="jpaProperties" />
	</bean>

	<bean id="transactionManager" class="org.springframework.orm.jpa.JpaTransactionManager">
		<property name="entityManagerFactory" ref="entityManagerFactory" />
		<property name="dataSource" ref="dataSource" />
	</bean>

	<bean id="jpaVendorAdapter" class="org.springframework.orm.jpa.vendor.HibernateJpaVendorAdapter">
		<property name="databasePlatform" ref="sqlDialect" />
	</bean>

	<bean id="sessionFactory" class="org.springframework.orm.hibernate4.LocalSessionFactoryBean">
		<property name="dataSource" ref="dataSource" />		
	</bean>
	
	<bean class="org.springframework.orm.hibernate4.HibernateExceptionTranslator" />
	
	<bean class="org.springframework.orm.jpa.support.PersistenceAnnotationBeanPostProcessor" />
	
</beans>